{"Mammals": {"Monkeys": 3.285714286, "Beavers": 2.571428571, "": 2.571428571, "Camels": 2.464285714, "Squirrels": 3.035714286, "Hedgehogs": 2.857142857, "Donkeys": 3.178571429, "Giraffes": 2.964285714, "Hamsters": 3.25, "Deer": 3.214285714, "Dogs": 4.321428571, "Polar bears": 2.714285714, "Kangaroos": 2.678571429, "Cats": 4.357142857, "Cows": 3.785714286, "Rabbits": 3.678571429, "Llamas": 2.428571429, "Lions": 3.142857143, "Mice": 3.607142857, "Rhinoceroses": 2.785714286, "Hippos": 2.678571429, "Elephants": 2.928571429, "Horses": 3.785714286, "Sheep": 3.714285714, "Tigers": 3.0, "Pigs": 3.607142857, "Bats": 2.642857143, "Foxes": 2.892857143, "Wolves": 2.928571429, "Zebras": 2.821428571}, "Birds": {"Eagles": 2.571428571, "Doves": 3.964285714, "Ducks": 3.785714286, "Magpies": 2.964285714, "": 2.821428571, "Vultures": 2.285714286, "Roosters": 3.428571429, "Turkeys": 3.25, "Canaries": 3.25, "Chickens": 4.25, "Crows": 3.035714286, "Seagulls": 3.071428571, "Blackbirds": 3.285714286, "Sparrows": 3.5, "Storks": 2.964285714, "Parrots": 3.035714286, "Peacocks": 2.785714286, "Pelicans": 2.392857143, "Penguins": 2.785714286, "Herons": 2.821428571, "Robins": 3.142857143, "Woodpeckers": 2.785714286, "Ostriches": 2.714285714, "Owls": 3.0, "Falcons": 2.535714286, "Swans": 3.035714286, "Swallows": 3.0}, "Vehicles": {"Cars": 4.821428571, "Boats": 3.25, "Scooters": 3.214285714, "Motorbikes": 3.321428571, "Buses": 4.535714286, "Trucks": 3.535714286, "Vans": 3.357142857, "Trailers ": 3.107142857, "Submarines": 2.535714286, "Bicycles": 4.75, "Go-carts": 2.892857143, "Helicopters": 3.035714286, "Hovercraft": 2.071428571, "Jeeps": 3.142857143, "Carts": 2.75, "Carriages": 2.392857143, "(hot air) balloons": 2.857142857, "Subway trains": 2.142857143, "Rockets": 2.642857143, "Skateboards": 2.892857143, "Sleds": 2.642857143, "Kick scooters": 2.857142857, "Taxis": 3.071428571, "Tractors": 3.071428571, "Trams": 3.178571429, "Trains": 4.321428571, "Airplanes": 3.392857143, "Zeppelins": 1.964285714}}