{"Mammals": {"Monkeys": 17.92857143, "Beavers": 14.0, "Camels": 14.42857143, "Squirrels": 14.57142857, "Hedgehogs": 13.17857143, "Donkeys": 16.82142857, "Giraffes": 15.96428571, "Hamsters": 14.57142857, "Deer": 16.53571429, "Dogs": 18.53571429, "Kangaroos": 14.75, "Cats": 18.53571429, "Cows": 17.60714286, "Rabbits": 16.64285714, "Llamas": 14.64285714, "Lions": 17.67857143, "Mice": 15.67857143, "Rhinos": 15.14285714, "Hippos": 14.60714286, "Elephants": 16.25, "Horses": 17.53571429, "Sheep": 17.42857143, "Tigers": 17.07142857, "Pigs": 17.17857143, "Bats": 10.85714286, "Foxes": 16.25, "Wolves": 17.03571429, "Zebras": 16.03571429}, "Birds": {"Eagles": 16.92592593, "Doves": 18.14285714, "Ducks": 12.78571429, "Magpies": 17.89285714, "Vultures": 15.14285714, "Roosters": 11.07142857, "Turkeys": 11.67857143, "Canaries": 17.89285714, "Chickens": 11.57142857, "Crows": 18.10714286, "Seagulls": 17.96428571, "Blackbirds": 18.82142857, "Sparrows": 19.17857143, "Storks": 15.39285714, "Parrots": 15.85714286, "Peacocks": 12.28571429, "Pelicans": 12.57142857, "Penguins": 8.642857143, "Herons": 16.10714286, "Robins": 18.32142857, "Woodpeckers": 16.42857143, "Ostriches": 11.21428571, "Owls": 16.0, "Falcons": 15.5, "Swans": 12.82142857, "Swallows": 17.85714286}, "Vehicles": {"Cars": 19.67857143, "Boats": 12.75, "Mopeds": 16.75, "Motorbikes": 17.25, "Buses": 18.5, "Trucks": 17.07142857, "Vans": 18.17857143, "Caravans": 12.60714286, "Submarines": 7.321428571, "Bicycles": 17.07142857, "Helicopters": 12.67857143, "Hovercraft": 9.52173913, "Jeeps": 17.92857143, "Carts": 10.21428571, "Carriages": 11.85714286, "Rockets": 6.5, "Skateboards": 8.535714286, "Sleds": 8.071428571, "Taxis": 17.5, "Tractors": 12.10714286, "Trams": 16.57142857, "Trains": 17.53571429, "Airplanes": 15.03571429, "Zeppelins": 8.37037037}, "Insects": {"Bees": 17.07142857, "Leeches": 11.35714286, "Horseflies": 15.92, "Centipedes": 13.78571429, "Bumblebees": 15.85714286, "Cockroaches": 16.96428571, "Beetles": 16.25, "Crickets": 16.32142857, "Dragonflies": 16.35714286, "Ladybugs": 15.39285714, "Lice": 13.32142857, "Cockchafers": 15.03571429, "Ants": 17.0, "Moths": 14.67857143, "Mosquitoes": 18.39285714, "Earwigs": 13.89285714, "Caterpillars": 14.17857143, "Spiders": 12.25, "Grasshoppers": 16.60714286, "Flies": 18.21428571, "Butterflies": 13.39285714, "Flees": 13.60714286, "Wasps": 17.25, "Worms": 10.17857143}, "Reptiles": {"Vipers": 13.55555556, "Alligators": 16.42857143, "Cobras": 13.92857143, "Dinosaurs": 11.96428571, "Geckoes": 14.44, "Lizards": 17.67857143, "Chameleons": 16.64285714, "Frogs": 11.40740741, "Crocodiles": 17.46428571, "Iguanas": 17.03571429, "Toads": 11.10714286, "Pythons": 13.96428571, "Salamanders": 13.92857143, "Tortoises": 15.17857143, "Snakes": 15.92857143, "Turtles": 13.32142857}, "Tools": {"Anvils": 11.14285714, "Chisels": 16.10714286, "Axes": 15.96428571, "Drills": 17.35714286, "Crowbars": 14.89285714, "Hammers": 18.42857143, "Spanners": 12.25925926, "Pickaxes": 14.96296296, "Wheelbarrows": 14.57142857, "Knives": 11.75, "Wrenches": 16.03703704, "Ploughs": 12.71428571, "Planes": 13.11538462, "Shovels": 17.53571429, "Screwdrivers": 17.57142857, "Nails": 11.96428571, "Tong": 16.85714286, "Ropes": 9.464285714, "Files": 12.03571429, "Levels": 14.14285714, "Saws": 17.96428571}, "Professions": {"Actors": 12.96428571, "Lawyers": 16.78571429, "Pharmacists": 16.89285714, "Archaeologists": 12.89285714, "Architects": 16.35714286, "Bakers": 18.17857143, "Accountants": 17.53571429, "Firemen": 16.75, "Veterinarians": 16.82142857, "Managers": 17.07142857, "Doctors": 17.92857143, "Physiotherapists": 16.17857143, "Cooks": 17.32142857, "Teachers": 18.89285714, "Plumbers": 17.89285714, "Stallholders": 14.53571429, "Ministers": 13.57142857, "Educators": 16.14285714, "Pilots": 15.92857143, "Postmen": 17.42857143, "Psychologists": 15.78571429, "Judges": 16.03571429, "Secretaries": 17.71428571, "Butchers": 17.25, "Stewardesses": 16.21428571, "Dentists": 17.5, "Shopassistants": 17.32142857}, "Sports": {"Badminton": 16.21428571, "Ballet": 14.53571429, "Baseball": 16.46428571, "Basketball": 18.57142857, "Billiards": 9.785714286, "Boxing": 15.60714286, "Golfing": 12.39285714, "Handball": 16.82142857, "Running": 18.35714286, "Judo": 17.07142857, "Shotput": 13.0, "Rugby": 15.75, "Chess": 7.714285714, "Fencing": 13.75, "Skiing": 16.60714286, "Squash": 16.60714286, "Surfing": 15.21428571, "Tennis": 18.67857143, "Gymnastics": 17.32142857, "Soccer": 18.96428571, "Volleyball": 18.25, "Walking": 12.17857143, "Cycling": 17.89285714, "Sailing": 12.92857143, "Swimming": 18.57142857}, "KitchenUtensils": {"Plates": 16.17857143, "Toasters": 15.46428571, "Bottles": 11.78571429, "Stoves": 18.46428571, "Fridges": 15.82142857, "Glasses": 14.32142857, "Towels": 12.39285714, "Kettles": 14.82142857, "Whisks": 16.92857143, "Percolators": 16.77777778, "Bowls": 15.89285714, "Spoons": 16.42857143, "Knives": 16.42857143, "Mixers": 17.46428571, "Nutcrackers": 12.2962963, "Ovens": 17.75, "Pans": 18.39285714, "Pots": 16.92857143, "Graters": 16.21428571, "Scissors": 10.92857143, "Aprons": 14.35714286, "Spatulas": 14.85714286, "Mugs": 14.14285714, "Teaspoons": 14.64285714, "Colanders": 16.42857143, "Forks": 16.35714286, "Scale": 12.39285714, "Woks": 17.10714286, "Sieves": 15.17857143}, "Vegetables": {"Potatoes": 10.71428571, "Onion": 12.89285714, "Asparaguses": 16.42857143, "Eggplants": 15.71428571, "Gherkin": 12.82142857, "Beets": 14.03571429, "Cauliflowers": 18.0, "Bean": 17.96428571, "Mushroom": 13.53571429, "Zucchinis": 15.78571429, "Pea": 17.18518519, "Chervils": 13.48148148, "Cucumbers": 16.82142857, "Garlics": 9.464285714, "Corns": 12.96428571, "Peppers": 15.14285714, "Parsleys": 12.0, "Leeks": 18.25, "Radishes": 14.53571429, "Celeries": 16.71428571, "Lettuces": 18.85714286, "Spinaches": 18.0, "Tomatoes": 17.32142857, "Endives": 17.67857143, "Carrots": 18.85714286}, "Clothing": {"Bras": 13.67857143, "Blouses": 17.42857143, "Pant": 18.25, "Ties": 12.92857143, "Shirts": 18.07142857, "Hats": 11.21428571, "Coats": 17.78571429, "Jean": 18.0, "Tracksuits": 15.53571429, "Dresses": 17.03571429, "Suits": 17.03571429, "Boot": 12.53571429, "Beanies": 11.46428571, "Caps": 11.92857143, "Pyjamas": 13.10714286, "Belts": 10.85714286, "Skirts": 17.82142857, "Dungaree": 14.23076923, "Shoe": 12.35714286, "Short": 16.67857143, "Scarves": 12.0, "Panty": 13.64285714, "Sock": 14.42857143, "Sweaters": 17.32142857, "Tshirts": 16.96428571, "Tops": 18.28571429, "Pullovers": 17.78571429, "Mitten": 11.21428571}, "MusicalInstruments": {"Accordions": 15.89285714, "Banjoes": 14.85714286, "Cellos": 17.28571429, "Cymbal": 14.32142857, "Bagpipes": 15.14285714, "Flutes": 18.0, "Bassoons": 15.44444444, "Guitars": 19.25, "Harps": 16.0, "Clarinets": 17.25, "Harpsichords": 14.42307692, "Harmonicas": 15.71428571, "Organs": 16.17857143, "Pianos": 19.42857143, "Saxophones": 18.46428571, "Synthesizers": 15.67857143, "Tambourines": 14.33333333, "Triangles": 14.53571429, "Trombones": 15.92592593, "Drums": 16.60714286, "Trumpets": 18.44444444, "Violins": 18.85714286}, "Weapons": {"Bazookas": 18.5, "Axes": 12.89285714, "Bows": 11.35714286, "Daggers": 17.21428571, "Rifles": 19.39285714, "Grenades": 17.32142857, "Canons": 16.96428571, "Slingshots": 11.57142857, "Clubs": 14.39285714, "Pistols": 19.42857143, "Shields": 7.107142857, "Spears": 13.89285714, "Sticks": 9.0, "Tanks": 13.14285714, "Ropes": 5.214285714, "Swords": 17.07142857, "Whips": 9.857142857}, "Fruit": {"Strawberries": 18.25, "Apricots": 16.0, "Pineapples": 17.35714286, "Apples": 19.03571429, "Bananas": 19.14285714, "Blueberries": 14.96428571, "Blackberries": 14.39285714, "Lemons": 15.25, "Mandarines": 15.82142857, "Date": 10.85714286, "Grapes": 17.5, "Raspberries": 16.25, "Cherries": 17.21428571, "Kiwis": 17.10714286, "Coconuts": 12.35714286, "Limes": 13.92857143, "Lychees": 13.46428571, "Mangoes": 15.03571429, "Melons": 16.53571429, "Nectarines": 16.25, "Papayas": 12.46153846, "Pears": 18.17857143, "Peaches": 17.0,